; "ClFFT Informations","Device","Tesla K20Xm","Hardware","OpenCL 1.2 CUDA","Software","352.39","OpenCL","OpenCL C 1.2 ","ComputeUnits","14"
; "Time_ContextCreate [ms]", 232.775
; "Time_ContextDestroy [ms]", 35.9859
"library","inplace","complex","precision","dim","kind","nx","ny","nz","run","Time_Device [ms]","Time_Allocation [ms]","Time_PlanInit [ms]","Time_Upload [ms]","Time_FFT [ms]","Time_iFFT [ms]","Time_Download [ms]","Time_PlanDestroy [ms]","Time_Total [ms]","Size_DeviceBuffer [bytes]","Size_DevicePlan [bytes]"
ClFFT,Inplace,Complex,double,2,1,512,512,0,0,4.7565,0.002097,6.63442,1.622,1.12769,0.609687,1.39582,0.306849,11.7008,4.1943e+06,4.1943e+06
ClFFT,Inplace,Complex,double,2,1,512,512,0,1,4.68489,0.00209,6.74908,1.6277,1.04148,0.62467,1.38983,0.289808,11.7268,4.1943e+06,4.1943e+06
ClFFT,Inplace,Complex,double,2,1,512,512,0,2,4.64234,0.002118,6.97414,1.62324,1.00125,0.626374,1.39023,0.29028,11.9098,4.1943e+06,4.1943e+06
ClFFT,Inplace,Complex,double,2,1,512,512,0,3,4.63642,0.002219,6.69554,1.62005,0.994953,0.626663,1.39363,0.298856,11.634,4.1943e+06,4.1943e+06
ClFFT,Inplace,Complex,double,2,1,512,512,0,4,4.72428,0.002246,6.66384,1.62385,1.08666,0.625694,1.3868,0.324967,11.7163,4.1943e+06,4.1943e+06
ClFFT,Inplace,Complex,double,2,1,1024,1024,0,0,17.9964,0.002502,10.5887,5.82014,3.76584,3.18668,5.22254,0.355454,28.944,1.67772e+07,1.67772e+07
ClFFT,Inplace,Complex,double,2,1,1024,1024,0,1,18.0644,0.002447,10.568,5.8158,3.84191,3.17994,5.2256,0.357111,28.993,1.67772e+07,1.67772e+07
ClFFT,Inplace,Complex,double,2,1,1024,1024,0,2,18.0984,0.00244,10.5663,5.78657,3.8997,3.17405,5.23686,0.335502,29.0035,1.67772e+07,1.67772e+07
ClFFT,Inplace,Complex,double,2,1,1024,1024,0,3,17.8673,0.002221,10.6402,5.79372,3.71056,3.1543,5.20755,0.348305,28.859,1.67772e+07,1.67772e+07
ClFFT,Inplace,Complex,double,2,1,1024,1024,0,4,17.9231,0.002236,10.5752,5.76984,3.78549,3.16884,5.19781,0.350953,28.8525,1.67772e+07,1.67772e+07
ClFFT,Inplace,Complex,double,2,1,2048,2048,0,0,85.0963,0.002548,15.3427,22.6942,20.4868,19.7962,22.1179,0.37113,100.814,6.71089e+07,6.71089e+07
ClFFT,Inplace,Complex,double,2,1,2048,2048,0,1,85.0674,0.002194,15.3216,22.7174,20.5176,19.8126,22.0187,0.374944,100.767,6.71089e+07,6.71089e+07
ClFFT,Inplace,Complex,double,2,1,2048,2048,0,2,85.1168,0.002486,15.2107,22.8178,20.4469,19.8232,22.0278,0.376214,100.707,6.71089e+07,6.71089e+07
ClFFT,Inplace,Complex,double,2,1,2048,2048,0,3,85.2061,0.002205,15.2942,22.8375,20.479,19.8416,22.0469,0.375311,100.879,6.71089e+07,6.71089e+07
ClFFT,Inplace,Complex,double,2,1,2048,2048,0,4,85.129,0.002623,15.3116,22.7671,20.4775,19.8099,22.0733,0.377623,100.822,6.71089e+07,6.71089e+07
ClFFT,Inplace,Complex,double,2,1,4096,4096,0,0,293.341,0.002308,7.07807,89.375,57.3138,56.5475,90.1038,0.480273,300.903,2.68435e+08,2.68435e+08
ClFFT,Inplace,Complex,double,2,1,4096,4096,0,1,293.16,0.002291,7.05846,89.1047,57.329,56.5527,90.1722,0.480932,300.703,2.68435e+08,2.68435e+08
ClFFT,Inplace,Complex,double,2,1,4096,4096,0,2,293.673,0.002419,7.87095,89.5165,57.3885,56.6044,90.1619,0.472006,302.019,2.68435e+08,2.68435e+08
ClFFT,Inplace,Complex,double,2,1,4096,4096,0,3,294.111,0.002328,8.03708,89.7639,57.3811,56.5695,90.3949,0.472208,302.624,2.68435e+08,2.68435e+08
ClFFT,Inplace,Complex,double,2,1,4096,4096,0,4,293.518,0.002819,8.27591,89.4763,57.3353,56.5641,90.1408,0.47539,302.273,2.68435e+08,2.68435e+08
ClFFT,Inplace,Complex,double,3,1,63,67,65,0,3.66368,0.002165,7.23033,1.67152,0.318271,0.090406,1.58236,0.214621,11.1118,4.38984e+06,65520
ClFFT,Inplace,Complex,double,3,1,63,67,65,1,3.85779,0.002169,7.25905,1.67889,0.498845,0.091495,1.58741,0.207449,11.3275,4.38984e+06,65520
ClFFT,Inplace,Complex,double,3,1,63,67,65,2,3.67506,0.002107,7.32507,1.66952,0.31514,0.092666,1.59655,0.215236,11.2186,4.38984e+06,65520
ClFFT,Inplace,Complex,double,3,1,63,67,65,3,3.67055,0.006772,7.23568,1.66979,0.320629,0.092836,1.58617,0.219094,11.1331,4.38984e+06,65520
ClFFT,Inplace,Complex,double,3,1,63,67,65,4,3.68769,0.002572,7.15277,1.6859,0.317741,0.094763,1.58818,0.211342,11.0553,4.38984e+06,65520
ClFFT,Inplace,Complex,double,3,2,64,64,64,0,3.3951,0.002185,3.49707,1.62055,0.327582,0.0654,1.38044,0.185083,7.08039,4.1943e+06,65536
ClFFT,Inplace,Complex,double,3,2,64,64,64,1,3.48487,0.002128,3.08203,1.62703,0.397652,0.06627,1.39297,0.187912,6.75795,4.1943e+06,65536
ClFFT,Inplace,Complex,double,3,2,64,64,64,2,3.38716,0.002016,2.99277,1.62359,0.312567,0.065028,1.38502,0.184165,6.56704,4.1943e+06,65536
ClFFT,Inplace,Complex,double,3,2,64,64,64,3,3.57094,0.00216,3.10323,1.61883,0.48181,0.07731,1.39187,0.185188,6.86254,4.1943e+06,65536
ClFFT,Inplace,Complex,double,3,2,64,64,64,4,3.18197,0.002185,2.60674,1.63073,0.098925,0.064524,1.38683,0.188411,5.98048,4.1943e+06,65536
ClFFT,Inplace,Complex,double,3,2,128,128,128,0,23.1035,0.002219,4.96225,11.6072,0.669165,0.090902,10.7352,0.325222,28.3942,3.35544e+07,262144
ClFFT,Inplace,Complex,double,3,2,128,128,128,1,23.08,0.002204,5.08199,11.5531,0.708112,0.091148,10.7264,0.328427,28.4936,3.35544e+07,262144
ClFFT,Inplace,Complex,double,3,2,128,128,128,2,23.0142,0.002355,4.9905,11.588,0.647354,0.091336,10.6863,0.323627,28.3318,3.35544e+07,262144
ClFFT,Inplace,Complex,double,3,2,128,128,128,3,23.0586,0.002489,5.0044,11.5302,0.75267,0.091133,10.6835,0.337479,28.4041,3.35544e+07,262144
ClFFT,Inplace,Complex,double,3,2,128,128,128,4,22.9692,0.00252,4.99004,11.5342,0.660885,0.090523,10.6823,0.323772,28.2867,3.35544e+07,262144
ClFFT,Inplace,Complex,double,3,2,128,256,128,0,45.2841,0.002474,4.9023,22.7416,0.426033,0.0914,22.0239,0.338378,50.5284,6.71089e+07,262144
ClFFT,Inplace,Complex,double,3,2,128,256,128,1,45.3858,0.002443,5.18296,22.8334,0.408826,0.090068,22.0522,0.329404,50.9017,6.71089e+07,262144
ClFFT,Inplace,Complex,double,3,2,128,256,128,2,45.3172,0.002213,4.9679,22.7992,0.459492,0.089306,21.9681,0.343738,50.6321,6.71089e+07,262144
ClFFT,Inplace,Complex,double,3,2,128,256,128,3,45.269,0.002294,5.11193,22.768,0.408002,0.092803,21.999,0.331159,50.7156,6.71089e+07,262144
ClFFT,Inplace,Complex,double,3,2,128,256,128,4,45.3858,0.002532,5.08803,22.8664,0.427395,0.094314,21.9965,0.3307,50.8082,6.71089e+07,262144
ClFFT,Inplace,Complex,double,3,2,256,256,256,0,180.221,0.00221,4.77222,89.3319,0.789194,0.15274,89.9458,0.404142,185.4,2.68435e+08,1.04858e+06
ClFFT,Inplace,Complex,double,3,2,256,256,256,1,180.379,0.002763,4.58209,89.4392,0.738671,0.15187,90.0483,0.39294,185.358,2.68435e+08,1.04858e+06
ClFFT,Inplace,Complex,double,3,2,256,256,256,2,180.341,0.002242,4.64825,89.4378,0.794713,0.149597,89.9582,0.409544,185.402,2.68435e+08,1.04858e+06
ClFFT,Inplace,Complex,double,3,2,256,256,256,3,180.443,0.002457,4.64615,89.7238,0.522106,0.150291,90.0454,0.383039,185.475,2.68435e+08,1.04858e+06
ClFFT,Inplace,Complex,double,3,2,256,256,256,4,180.283,0.002416,4.5655,89.3149,0.732028,0.149109,90.0856,0.389418,185.241,2.68435e+08,1.04858e+06
ClFFT,Inplace,Complex,double,3,2,512,512,512,0,1438.3,0.002229,6.84742,712.518,1.00531,0.626307,724.152,0.741777,1445.89,2.14748e+09,4.1943e+06
ClFFT,Inplace,Complex,double,3,2,512,512,512,1,1438.96,0.002269,6.7071,712.759,1.21706,0.626163,724.353,0.750016,1446.42,2.14748e+09,4.1943e+06
ClFFT,Inplace,Complex,double,3,2,512,512,512,2,1438.85,0.002187,6.66347,712.859,1.20345,0.622506,724.161,0.740449,1446.25,2.14748e+09,4.1943e+06
ClFFT,Inplace,Complex,double,3,2,512,512,512,3,1438.19,0.002332,6.93903,712.482,1.20662,0.641314,723.854,0.743419,1445.87,2.14748e+09,4.1943e+06
ClFFT,Inplace,Complex,double,3,2,512,512,512,4,1438.23,0.002276,6.74605,712.368,1.22703,0.615077,724.02,0.739883,1445.72,2.14748e+09,4.1943e+06
ClFFT,Inplace,Complex,double,2,3,625,343,0,0,3.99567,0.002228,6.458,1.36218,0.926555,0.518062,1.18766,0.297323,10.7542,3.43e+06,3.43e+06
ClFFT,Inplace,Complex,double,2,3,625,343,0,1,3.93368,0.002297,6.40345,1.35133,0.892008,0.51756,1.1715,0.290203,10.6305,3.43e+06,3.43e+06
ClFFT,Inplace,Complex,double,2,3,625,343,0,2,3.97361,0.002208,6.42041,1.36361,0.907683,0.520189,1.181,0.301397,10.6986,3.43e+06,3.43e+06
ClFFT,Inplace,Complex,double,2,3,625,343,0,3,3.96365,0.002223,6.28144,1.365,0.911755,0.515075,1.17062,0.290729,10.5389,3.43e+06,3.43e+06
ClFFT,Inplace,Complex,double,2,3,625,343,0,4,3.9905,0.002545,6.28646,1.3606,0.922406,0.522098,1.18428,0.299429,10.5799,3.43e+06,3.43e+06
ClFFT,Inplace,Complex,double,2,3,729,2187,0,0,24.8616,0.00212,7.59433,8.84429,4.18698,4.00009,7.82895,0.387112,32.8467,2.55092e+07,2.55092e+07
ClFFT,Inplace,Complex,double,2,3,729,2187,0,1,24.6818,0.002448,7.35135,8.79332,4.04815,3.9793,7.85997,0.368171,32.4051,2.55092e+07,2.55092e+07
ClFFT,Inplace,Complex,double,2,3,729,2187,0,2,24.6976,0.002577,8.15223,8.78976,4.06362,4.01105,7.83173,0.382489,33.236,2.55092e+07,2.55092e+07
ClFFT,Inplace,Complex,double,2,3,729,2187,0,3,24.688,0.002333,8.10719,8.7885,4.06714,3.97854,7.85263,0.369559,33.1681,2.55092e+07,2.55092e+07
ClFFT,Inplace,Complex,double,2,3,729,2187,0,4,24.7083,0.002282,7.91089,8.81958,4.08885,3.96511,7.83354,0.368229,32.9908,2.55092e+07,2.55092e+07
ClFFT,Inplace,Complex,double,3,3,125,125,125,0,21.017,0.002351,3.85009,10.8054,0.454854,0.082887,9.67258,0.340541,25.211,3.125e+07,250000
ClFFT,Inplace,Complex,double,3,3,125,125,125,1,20.9331,0.002385,3.89105,10.7648,0.404994,0.085114,9.67712,0.327574,25.1551,3.125e+07,250000
ClFFT,Inplace,Complex,double,3,3,125,125,125,2,20.9746,0.002315,4.07657,10.8155,0.399038,0.083285,9.67558,0.331656,25.3862,3.125e+07,250000
ClFFT,Inplace,Complex,double,3,3,125,125,125,3,20.9571,0.002329,3.94654,10.7526,0.466077,0.083039,9.65409,0.325622,25.2328,3.125e+07,250000
ClFFT,Inplace,Complex,double,3,3,125,125,125,4,21.0216,0.002202,3.85269,10.7733,0.467218,0.082602,9.69731,0.332859,25.2106,3.125e+07,250000
ClFFT,Inplace,Complex,double,3,3,125,243,128,0,42.2382,0.002642,4.48003,21.2923,0.422321,0.08784,20.4345,0.342098,47.064,6.2208e+07,256000
ClFFT,Inplace,Complex,double,3,3,125,243,128,1,41.9635,0.002257,4.40004,21.0974,0.420865,0.086068,20.3581,0.340881,46.7077,6.2208e+07,256000
ClFFT,Inplace,Complex,double,3,3,125,243,128,2,41.8729,0.002604,4.44747,21.0608,0.42415,0.090501,20.2963,0.349563,46.6736,6.2208e+07,256000
ClFFT,Inplace,Complex,double,3,3,125,243,128,3,42.5422,0.00688,4.49178,21.2129,0.403349,0.086638,20.8382,0.308052,47.3499,6.2208e+07,256000
ClFFT,Inplace,Complex,double,3,3,125,243,128,4,41.9213,0.002661,4.5892,21.0998,0.406437,0.087868,20.3259,0.339618,46.8538,6.2208e+07,256000
ClFFT,Inplace,Complex,double,3,3,243,243,343,0,217.767,0.00226,5.13457,107.95,0.809862,0.217315,108.788,0.428901,223.334,3.24061e+08,1.33358e+06
ClFFT,Inplace,Complex,double,3,3,243,243,343,1,217.68,0.002295,5.3293,107.704,0.804315,0.214969,108.955,0.418079,223.431,3.24061e+08,1.33358e+06
ClFFT,Inplace,Complex,double,3,3,243,243,343,2,217.708,0.002451,5.16973,107.754,0.889362,0.2182,108.845,0.431154,223.313,3.24061e+08,1.33358e+06
ClFFT,Inplace,Complex,double,3,3,243,243,343,3,218.33,0.002336,5.31321,108.662,0.599953,0.219224,108.848,0.425858,224.073,3.24061e+08,1.33358e+06
ClFFT,Inplace,Complex,double,3,3,243,243,343,4,218.006,0.002418,5.0863,107.855,0.885533,0.222816,109.041,0.418971,223.514,3.24061e+08,1.33358e+06
ClFFT,Inplace,Complex,double,3,3,625,729,343,0,1676.58,0.002533,6.27152,831.813,1.1276,0.523449,843.118,0.818652,1683.68,2.50047e+09,3.43e+06
ClFFT,Inplace,Complex,double,3,3,625,729,343,1,1675.61,0.002332,6.48446,830.582,1.18197,0.522456,843.323,0.832463,1682.93,2.50047e+09,3.43e+06
ClFFT,Inplace,Complex,double,3,3,625,729,343,2,1677.79,0.006629,6.47708,830.943,1.11673,0.523235,845.202,0.823063,1685.09,2.50047e+09,3.43e+06
ClFFT,Inplace,Complex,double,3,3,625,729,343,3,1686.44,0.002269,6.36272,838.829,1.10309,0.524599,845.984,0.824475,1693.63,2.50047e+09,3.43e+06
ClFFT,Inplace,Complex,double,3,3,625,729,343,4,1677.16,0.002369,6.28277,830.608,1.12041,0.522306,844.905,0.835139,1684.28,2.50047e+09,3.43e+06
ClFFT,Inplace,Real,double,2,1,512,512,0,0,9.92322,0.002096,6.34789,0.991848,0.732024,0.913962,0.780349,0.296454,16.5706,2.10534e+06,2.10534e+06
ClFFT,Inplace,Real,double,2,1,512,512,0,1,9.90631,0.002177,6.27939,1.00783,0.789575,0.902869,0.779516,0.300646,16.4895,2.10534e+06,2.10534e+06
ClFFT,Inplace,Real,double,2,1,512,512,0,2,10.1055,0.002221,6.29106,0.999117,0.933683,0.889343,0.782219,0.300635,16.7004,2.10534e+06,2.10534e+06
ClFFT,Inplace,Real,double,2,1,512,512,0,3,9.93484,0.002286,6.25516,0.997611,0.793868,0.874775,0.780846,0.294016,16.4873,2.10534e+06,2.10534e+06
ClFFT,Inplace,Real,double,2,1,512,512,0,4,10.0158,0.002209,6.23938,0.999182,0.790644,0.89837,0.784558,0.300009,16.5585,2.10534e+06,2.10534e+06
ClFFT,Inplace,Real,double,2,1,1024,1024,0,0,19.9064,0.002531,9.19393,3.0052,2.31855,2.50226,2.59142,0.310376,29.4141,8.40499e+06,8.40499e+06
ClFFT,Inplace,Real,double,2,1,1024,1024,0,1,19.8514,0.002192,9.23049,2.9777,2.31299,2.49601,2.58588,0.31566,29.4008,8.40499e+06,8.40499e+06
ClFFT,Inplace,Real,double,2,1,1024,1024,0,2,19.8699,0.002059,9.24393,2.99201,2.32338,2.49986,2.57827,0.312856,29.4299,8.40499e+06,8.40499e+06
ClFFT,Inplace,Real,double,2,1,1024,1024,0,3,19.835,0.002649,9.22605,2.96381,2.3255,2.48949,2.57438,0.315757,29.3805,8.40499e+06,8.40499e+06
ClFFT,Inplace,Real,double,2,1,1024,1024,0,4,19.8654,0.002172,9.2027,2.97302,2.32506,2.52743,2.58072,0.316309,29.3875,8.40499e+06,8.40499e+06
ClFFT,Inplace,Real,double,2,1,2048,2048,0,0,62.4184,0.002314,14.4395,11.6551,12.5709,12.5922,10.8063,0.338845,77.2002,3.35872e+07,3.35872e+07
ClFFT,Inplace,Real,double,2,1,2048,2048,0,1,62.3965,0.002301,14.3115,11.6425,12.5219,12.5903,10.8008,0.349891,77.0613,3.35872e+07,3.35872e+07
ClFFT,Inplace,Real,double,2,1,2048,2048,0,2,62.5762,0.002611,14.4702,11.6617,12.5297,12.5875,10.9362,0.341565,77.3916,3.35872e+07,3.35872e+07
ClFFT,Inplace,Real,double,2,1,2048,2048,0,3,62.3368,0.002726,14.4464,11.5988,12.5081,12.5995,10.7956,0.341161,77.1281,3.35872e+07,3.35872e+07
ClFFT,Inplace,Real,double,2,1,2048,2048,0,4,62.4588,0.002419,14.3062,11.6117,12.5078,12.6066,10.7499,0.354641,77.1231,3.35872e+07,3.35872e+07
ClFFT,Inplace,Real,double,2,1,4096,4096,0,0,187.057,0.002781,7.73336,44.905,46.0658,43.2144,44.7787,0.718032,195.512,1.34283e+08,1.34283e+08
ClFFT,Inplace,Real,double,2,1,4096,4096,0,1,186.968,0.002773,7.8651,45.0488,46.0312,43.2313,44.7627,0.690398,195.527,1.34283e+08,1.34283e+08
ClFFT,Inplace,Real,double,2,1,4096,4096,0,2,187.164,0.002591,7.77582,44.9845,46.2605,43.2189,44.7472,0.713528,195.657,1.34283e+08,1.34283e+08
ClFFT,Inplace,Real,double,2,1,4096,4096,0,3,186.517,0.002585,7.58751,45.5609,45.8585,43.196,44.8534,0.699453,194.808,1.34283e+08,1.34283e+08
ClFFT,Inplace,Real,double,2,1,4096,4096,0,4,186.091,0.002384,6.75103,44.954,46.0799,43.2204,44.7827,0.708419,193.554,1.34283e+08,1.34283e+08
ClFFT,Inplace,Real,double,3,1,63,67,65,0,10.2898,0.002301,6.83142,1.09488,0.715535,0.199636,1.22123,0.222,17.3466,2.22976e+06,33280
ClFFT,Inplace,Real,double,3,1,63,67,65,1,10.1031,0.002547,6.95164,1.09905,0.545412,0.206193,1.21282,0.214088,17.2723,2.22976e+06,33280
ClFFT,Inplace,Real,double,3,1,63,67,65,2,10.0227,0.002573,6.66842,1.1011,0.565049,0.199628,1.21941,0.214019,16.9086,2.22976e+06,33280
ClFFT,Inplace,Real,double,3,1,63,67,65,3,10.1098,0.002569,6.89439,1.09624,0.546753,0.200663,1.21219,0.214883,17.2226,2.22976e+06,33280
ClFFT,Inplace,Real,double,3,1,63,67,65,4,9.99471,0.002709,6.91011,1.11125,0.559427,0.201893,1.21927,0.231183,17.1396,2.22976e+06,33280
ClFFT,Inplace,Real,double,3,2,64,64,64,0,5.60746,0.002621,3.22954,0.986749,0.454796,0.104986,0.839938,0.208539,9.04913,2.16269e+06,33792
ClFFT,Inplace,Real,double,3,2,64,64,64,1,5.61984,0.002204,3.20981,0.977331,0.478154,0.105359,0.844642,0.196472,9.02924,2.16269e+06,33792
ClFFT,Inplace,Real,double,3,2,64,64,64,2,5.5418,0.002453,3.23635,0.972712,0.451141,0.105542,0.845159,0.203617,8.9851,2.16269e+06,33792
ClFFT,Inplace,Real,double,3,2,64,64,64,3,5.66805,0.002626,3.22134,0.973857,0.458141,0.105291,0.840427,0.194469,9.08734,2.16269e+06,33792
ClFFT,Inplace,Real,double,3,2,64,64,64,4,5.8072,0.002453,3.20831,0.98108,0.4545,0.105251,0.843299,0.195662,9.21452,2.16269e+06,33792
ClFFT,Inplace,Real,double,3,2,128,128,128,0,16.404,0.002317,4.26885,5.85522,0.855876,0.125998,5.25097,0.25916,20.9355,1.70394e+07,133120
ClFFT,Inplace,Real,double,3,2,128,128,128,1,16.4449,0.002402,4.32215,5.80639,0.940191,0.128142,5.24838,0.259131,21.0296,1.70394e+07,133120
ClFFT,Inplace,Real,double,3,2,128,128,128,2,16.5241,0.00228,4.33556,5.81914,0.881424,0.126651,5.31494,0.244553,21.1076,1.70394e+07,133120
ClFFT,Inplace,Real,double,3,2,128,128,128,3,16.4342,0.002436,4.32509,5.84956,0.83639,0.127068,5.2447,0.265506,21.0282,1.70394e+07,133120
ClFFT,Inplace,Real,double,3,2,128,128,128,4,16.3991,0.002547,4.29236,5.8103,0.854129,0.126263,5.22601,0.264329,20.9594,1.70394e+07,133120
ClFFT,Inplace,Real,double,3,2,128,256,128,0,27.5238,0.002267,4.32506,11.4504,0.955649,0.125901,10.6572,0.225999,32.0783,3.40787e+07,133120
ClFFT,Inplace,Real,double,3,2,128,256,128,1,27.4139,0.002621,4.26692,11.3655,0.921375,0.126082,10.633,0.315512,32.0001,3.40787e+07,133120
ClFFT,Inplace,Real,double,3,2,128,256,128,2,27.5316,0.002602,4.32057,11.4306,0.950751,0.128995,10.648,0.308134,32.164,3.40787e+07,133120
ClFFT,Inplace,Real,double,3,2,128,256,128,3,27.6186,0.002588,4.3071,11.4649,0.968423,0.127028,10.654,0.314422,32.2438,3.40787e+07,133120
ClFFT,Inplace,Real,double,3,2,128,256,128,4,27.9598,0.002802,4.71556,11.3962,0.915702,0.127291,10.6675,0.30311,32.9824,3.40787e+07,133120
ClFFT,Inplace,Real,double,3,2,256,256,256,0,96.5884,0.002197,4.78857,44.8247,2.06932,0.132607,44.8968,0.260053,101.64,1.35266e+08,528384
ClFFT,Inplace,Real,double,3,2,256,256,256,1,96.1005,0.002909,4.61347,44.8674,2.0748,0.134637,44.4989,0.263643,100.982,1.35266e+08,528384
ClFFT,Inplace,Real,double,3,2,256,256,256,2,95.9268,0.002329,4.67413,44.5319,2.09474,0.136714,44.6191,0.271946,100.876,1.35266e+08,528384
ClFFT,Inplace,Real,double,3,2,256,256,256,3,95.6522,0.002864,4.55774,44.485,2.06127,0.133558,44.4814,0.260886,100.475,1.35266e+08,528384
ClFFT,Inplace,Real,double,3,2,256,256,256,4,95.6728,0.002803,4.77485,44.5438,2.07556,0.135773,44.4534,0.262926,100.714,1.35266e+08,528384
ClFFT,Inplace,Real,double,3,2,512,512,512,0,732.862,0.00256,6.51096,357.157,6.84084,0.568546,361.384,0.462476,739.839,1.07794e+09,2.10534e+06
ClFFT,Inplace,Real,double,3,2,512,512,512,1,732.583,0.002386,6.47314,356.739,6.81121,0.57636,361.569,0.445596,739.505,1.07794e+09,2.10534e+06
ClFFT,Inplace,Real,double,3,2,512,512,512,2,731.898,0.002654,6.57358,356.5,6.81365,0.573228,361.418,0.453856,738.929,1.07794e+09,2.10534e+06
ClFFT,Inplace,Real,double,3,2,512,512,512,3,732.051,0.002327,6.56599,356.641,6.85703,0.568597,361.388,0.445784,739.066,1.07794e+09,2.10534e+06
ClFFT,Inplace,Real,double,3,2,512,512,512,4,732.316,0.002262,6.43545,356.725,6.81473,0.564486,361.459,0.446691,739.202,1.07794e+09,2.10534e+06
ClFFT,Inplace,Real,double,2,3,625,343,0,0,9.43145,0.002276,5.83582,0.863373,0.709591,0.864996,0.733857,0.296577,15.5671,1.71774e+06,1.71774e+06
ClFFT,Inplace,Real,double,2,3,625,343,0,1,9.66788,0.00208,5.9089,0.86437,0.693872,1.03405,0.721893,0.305964,15.8858,1.71774e+06,1.71774e+06
ClFFT,Inplace,Real,double,2,3,625,343,0,2,9.60997,0.002126,5.80909,0.86399,0.741218,0.959652,0.726287,0.318161,15.7403,1.71774e+06,1.71774e+06
ClFFT,Inplace,Real,double,2,3,625,343,0,3,9.24235,0.002261,5.94669,0.857594,0.698585,0.883624,0.734767,0.292923,15.4851,1.71774e+06,1.71774e+06
ClFFT,Inplace,Real,double,2,3,625,343,0,4,9.50513,0.002186,5.88058,0.869032,0.782905,0.868034,0.739079,0.294453,15.6832,1.71774e+06,1.71774e+06
ClFFT,Inplace,Real,double,2,3,729,2187,0,0,33.1234,0.002311,7.65689,4.80098,8.15155,8.08488,4.15853,0.47138,41.2549,1.27721e+07,1.27721e+07
ClFFT,Inplace,Real,double,2,3,729,2187,0,1,33.0402,0.002375,7.79793,4.77759,8.18118,8.09641,4.16434,0.463621,41.305,1.27721e+07,1.27721e+07
ClFFT,Inplace,Real,double,2,3,729,2187,0,2,33.5057,0.002278,7.82594,4.77338,8.17007,8.3125,4.16515,0.477639,41.8125,1.27721e+07,1.27721e+07
ClFFT,Inplace,Real,double,2,3,729,2187,0,3,33.2979,0.002337,7.63599,4.78633,8.17885,8.29628,4.19071,0.477557,41.4147,1.27721e+07,1.27721e+07
ClFFT,Inplace,Real,double,2,3,729,2187,0,4,33.7175,0.002129,7.49514,4.76887,8.22218,8.55598,4.14913,0.501588,41.7174,1.27721e+07,1.27721e+07
ClFFT,Inplace,Real,double,3,3,125,125,125,0,16.3002,0.002473,3.91215,5.96508,0.629959,0.12403,5.76783,0.263514,20.4793,1.575e+07,126000
ClFFT,Inplace,Real,double,3,3,125,125,125,1,16.2839,0.002395,3.94144,5.89705,0.626927,0.124847,5.77767,0.256629,20.4854,1.575e+07,126000
ClFFT,Inplace,Real,double,3,3,125,125,125,2,16.2919,0.002485,3.92996,5.8836,0.64446,0.127718,5.75323,0.241129,20.4666,1.575e+07,126000
ClFFT,Inplace,Real,double,3,3,125,125,125,3,16.226,0.002442,4.08947,5.84614,0.625957,0.124369,5.74704,0.244279,20.5632,1.575e+07,126000
ClFFT,Inplace,Real,double,3,3,125,125,125,4,16.2424,0.002837,4.03412,5.87127,0.625596,0.124613,5.76069,0.24242,20.5228,1.575e+07,126000
ClFFT,Inplace,Real,double,3,3,125,243,128,0,28.5965,0.002619,4.39949,11.5093,0.688452,0.126799,11.7387,0.305747,33.3054,3.13528e+07,129024
ClFFT,Inplace,Real,double,3,3,125,243,128,1,28.4855,0.002661,4.4995,11.5107,0.690757,0.129034,11.5991,0.337759,33.3266,3.13528e+07,129024
ClFFT,Inplace,Real,double,3,3,125,243,128,2,28.616,0.002339,4.55825,11.5363,0.691756,0.125363,11.6004,0.326184,33.5039,3.13528e+07,129024
ClFFT,Inplace,Real,double,3,3,125,243,128,3,28.5346,0.002372,4.49333,11.4959,0.74751,0.126621,11.5763,0.329406,33.3608,3.13528e+07,129024
ClFFT,Inplace,Real,double,3,3,125,243,128,4,28.5885,0.002339,4.37761,11.5061,0.739528,0.132454,11.7258,0.260231,33.2299,3.13528e+07,129024
ClFFT,Inplace,Real,double,3,3,243,243,343,0,123.753,0.00251,5.07168,58.0628,1.87137,0.185464,58.5777,0.28275,129.111,1.62697e+08,669536
ClFFT,Inplace,Real,double,3,3,243,243,343,1,123.797,0.002316,5.02096,57.9826,1.86933,0.175089,58.4821,0.299666,129.121,1.62697e+08,669536
ClFFT,Inplace,Real,double,3,3,243,243,343,2,123.49,0.002496,5.10261,57.9762,1.87679,0.180118,58.455,0.284811,128.881,1.62697e+08,669536
ClFFT,Inplace,Real,double,3,3,243,243,343,3,124.165,0.002457,4.97445,58.5056,1.86984,0.179114,58.5018,0.281109,129.424,1.62697e+08,669536
ClFFT,Inplace,Real,double,3,3,243,243,343,4,123.702,0.002641,5.08192,58.1228,1.87302,0.177844,58.4304,0.281896,129.07,1.62697e+08,669536
ClFFT,Inplace,Real,double,3,3,625,729,343,0,882.098,0.002301,6.22918,442.428,4.20769,0.482904,428.559,0.494418,888.824,1.25224e+09,1.71774e+06
ClFFT,Inplace,Real,double,3,3,625,729,343,1,882.111,0.002343,6.25772,442.437,4.21515,0.470696,428.636,0.491614,888.864,1.25224e+09,1.71774e+06
ClFFT,Inplace,Real,double,3,3,625,729,343,2,882.203,0.002611,6.18712,442.32,4.22898,0.474163,428.846,0.484429,888.879,1.25224e+09,1.71774e+06
ClFFT,Inplace,Real,double,3,3,625,729,343,3,882,0.002398,6.36363,442.155,4.22779,0.474055,428.559,0.481755,888.848,1.25224e+09,1.71774e+06
ClFFT,Inplace,Real,double,3,3,625,729,343,4,881.215,0.002501,6.10668,442.259,4.17131,0.473286,428.527,0.48496,887.81,1.25224e+09,1.71774e+06
ClFFT,Outplace,Complex,double,2,1,512,512,0,0,4.69027,0.00323,6.79667,1.6359,1.03512,0.626138,1.39202,0.409717,11.9008,8.38861e+06,4.1943e+06
ClFFT,Outplace,Complex,double,2,1,512,512,0,1,4.66288,0.003668,6.68698,1.62483,1.01115,0.625928,1.39986,0.43574,11.7903,8.38861e+06,4.1943e+06
ClFFT,Outplace,Complex,double,2,1,512,512,0,2,4.78389,0.003408,6.68826,1.69466,1.08129,0.62106,1.38571,0.400403,11.877,8.38861e+06,4.1943e+06
ClFFT,Outplace,Complex,double,2,1,512,512,0,3,4.67254,0.003122,6.83946,1.62209,1.02934,0.631953,1.38808,0.401468,11.9176,8.38861e+06,4.1943e+06
ClFFT,Outplace,Complex,double,2,1,512,512,0,4,4.65001,0.003275,6.85488,1.63183,0.987652,0.63579,1.39369,0.394665,11.9038,8.38861e+06,4.1943e+06
ClFFT,Outplace,Complex,double,2,1,1024,1024,0,0,18.085,0.003489,10.5071,5.83862,3.77896,3.16781,5.2985,0.45564,29.0523,3.35544e+07,1.67772e+07
ClFFT,Outplace,Complex,double,2,1,1024,1024,0,1,18.041,0.003472,10.5334,5.79556,3.84716,3.20241,5.19476,0.45776,29.0366,3.35544e+07,1.67772e+07
ClFFT,Outplace,Complex,double,2,1,1024,1024,0,2,17.9264,0.003337,10.607,5.793,3.72684,3.19292,5.21252,0.448517,28.9863,3.35544e+07,1.67772e+07
ClFFT,Outplace,Complex,double,2,1,1024,1024,0,3,17.9408,0.003451,10.7645,5.78908,3.73665,3.18514,5.22867,0.456691,29.1664,3.35544e+07,1.67772e+07
ClFFT,Outplace,Complex,double,2,1,1024,1024,0,4,17.9463,0.003649,10.5784,5.80485,3.76621,3.17171,5.20253,0.455888,28.9852,3.35544e+07,1.67772e+07
ClFFT,Outplace,Complex,double,2,1,2048,2048,0,0,85.0758,0.004059,15.3994,22.7461,20.4396,19.8174,22.0715,0.490562,100.971,1.34218e+08,6.71089e+07
ClFFT,Outplace,Complex,double,2,1,2048,2048,0,1,84.934,0.003872,15.3092,22.6968,20.4717,19.7906,21.9739,0.513399,100.762,1.34218e+08,6.71089e+07
ClFFT,Outplace,Complex,double,2,1,2048,2048,0,2,85.03,0.003595,15.175,22.7904,20.4307,19.8333,21.9744,0.492099,100.702,1.34218e+08,6.71089e+07
ClFFT,Outplace,Complex,double,2,1,2048,2048,0,3,84.9207,0.003789,15.229,22.7375,20.4263,19.7989,21.9571,0.501461,100.656,1.34218e+08,6.71089e+07
ClFFT,Outplace,Complex,double,2,1,2048,2048,0,4,85.1804,0.003809,15.2832,22.7433,20.5871,19.8349,22.0138,0.513228,100.982,1.34218e+08,6.71089e+07
ClFFT,Outplace,Complex,double,2,1,4096,4096,0,0,293.579,0.010701,8.06009,89.2436,57.4574,56.5935,90.2836,0.657987,302.309,5.36871e+08,2.68435e+08
ClFFT,Outplace,Complex,double,2,1,4096,4096,0,1,294.189,0.003661,8.1321,89.9977,57.3048,56.5697,90.3161,0.648568,302.975,5.36871e+08,2.68435e+08
ClFFT,Outplace,Complex,double,2,1,4096,4096,0,2,293.828,0.003253,7.05997,89.4241,57.4965,56.5858,90.3208,0.631406,301.524,5.36871e+08,2.68435e+08
ClFFT,Outplace,Complex,double,2,1,4096,4096,0,3,293.612,0.003204,7.08346,89.2978,57.4943,56.6094,90.21,0.660082,301.36,5.36871e+08,2.68435e+08
ClFFT,Outplace,Complex,double,2,1,4096,4096,0,4,293.771,0.003294,7.10013,89.806,57.2273,56.5456,90.1911,0.648866,301.525,5.36871e+08,2.68435e+08
ClFFT,Outplace,Complex,double,3,1,63,67,65,0,3.64288,0.003396,7.38736,1.6751,0.314866,0.096876,1.55494,0.330362,11.3649,8.77968e+06,65520
ClFFT,Outplace,Complex,double,3,1,63,67,65,1,3.68426,0.003387,7.25218,1.69487,0.32872,0.09759,1.56198,0.325407,11.2662,8.77968e+06,65520
ClFFT,Outplace,Complex,double,3,1,63,67,65,2,3.75801,0.003726,7.2485,1.68342,0.422503,0.096342,1.55459,0.331941,11.3432,8.77968e+06,65520
ClFFT,Outplace,Complex,double,3,1,63,67,65,3,3.91905,0.003543,7.37836,1.6836,0.582861,0.098089,1.55339,0.320767,11.6228,8.77968e+06,65520
ClFFT,Outplace,Complex,double,3,1,63,67,65,4,3.65266,0.003286,7.36898,1.68726,0.31454,0.098306,1.55149,0.315001,11.3409,8.77968e+06,65520
ClFFT,Outplace,Complex,double,3,2,64,64,64,0,3.45474,0.003276,2.55902,1.64063,0.253431,0.071455,1.4883,0.29175,6.31012,8.38861e+06,65536
ClFFT,Outplace,Complex,double,3,2,64,64,64,1,3.46955,0.003772,2.5671,1.63935,0.260109,0.071891,1.49727,0.293309,6.33499,8.38861e+06,65536
ClFFT,Outplace,Complex,double,3,2,64,64,64,2,3.46229,0.00339,2.56723,1.6446,0.252184,0.072041,1.49252,0.283811,6.31784,8.38861e+06,65536
ClFFT,Outplace,Complex,double,3,2,64,64,64,3,3.45494,0.003198,2.55105,1.63702,0.258276,0.072861,1.48567,0.294407,6.3049,8.38861e+06,65536
ClFFT,Outplace,Complex,double,3,2,64,64,64,4,3.44673,0.003379,2.58959,1.63093,0.253144,0.072777,1.48873,0.290447,6.33114,8.38861e+06,65536
ClFFT,Outplace,Complex,double,3,2,128,128,128,0,23.007,0.004234,4.90853,11.5616,0.651593,0.096152,10.6965,0.460806,28.3818,6.71089e+07,262144
ClFFT,Outplace,Complex,double,3,2,128,128,128,1,23.0466,0.003426,5.12701,11.6285,0.649996,0.096059,10.6709,0.450988,28.6293,6.71089e+07,262144
ClFFT,Outplace,Complex,double,3,2,128,128,128,2,23.1097,0.00339,4.93811,11.5972,0.649093,0.095759,10.7664,0.449418,28.5017,6.71089e+07,262144
ClFFT,Outplace,Complex,double,3,2,128,128,128,3,23.9638,0.003251,5.11749,11.5896,0.886205,0.095196,11.3916,0.462001,29.5477,6.71089e+07,262144
ClFFT,Outplace,Complex,double,3,2,128,128,128,4,23.0294,0.003564,4.55605,11.5998,0.648997,0.096417,10.6832,0.445089,28.0357,6.71089e+07,262144
ClFFT,Outplace,Complex,double,3,2,128,256,128,0,45.5187,0.003634,4.97383,22.8032,0.503032,0.09532,22.1159,0.380033,50.8774,1.34218e+08,262144
ClFFT,Outplace,Complex,double,3,2,128,256,128,1,45.9954,0.003389,5.16733,23.3701,0.49658,0.095411,22.0321,0.385547,51.553,1.34218e+08,262144
ClFFT,Outplace,Complex,double,3,2,128,256,128,2,45.3594,0.003702,4.47507,22.7683,0.504414,0.09578,21.9897,0.368061,50.2076,1.34218e+08,262144
ClFFT,Outplace,Complex,double,3,2,128,256,128,3,45.4118,0.003455,4.49059,22.7445,0.507173,0.095392,22.0636,0.372545,50.2798,1.34218e+08,262144
ClFFT,Outplace,Complex,double,3,2,128,256,128,4,45.3923,0.003598,4.49044,22.7409,0.511382,0.096575,22.0421,0.378901,50.2667,1.34218e+08,262144
ClFFT,Outplace,Complex,double,3,2,256,256,256,0,181.104,0.00352,4.79754,89.5312,1.16648,0.155402,90.25,0.532654,186.439,5.36871e+08,1.04858e+06
ClFFT,Outplace,Complex,double,3,2,256,256,256,1,180.745,0.003335,4.57886,89.5399,1.1622,0.157336,89.884,0.549567,185.877,5.36871e+08,1.04858e+06
ClFFT,Outplace,Complex,double,3,2,256,256,256,2,180.963,0.003905,4.66841,89.7111,1.19481,0.155434,89.9004,0.540976,186.178,5.36871e+08,1.04858e+06
ClFFT,Outplace,Complex,double,3,2,256,256,256,3,180.991,0.003594,4.62605,89.6807,1.16027,0.155868,89.9932,0.537602,186.16,5.36871e+08,1.04858e+06
ClFFT,Outplace,Complex,double,3,2,256,256,256,4,181.071,0.003604,4.91249,89.6054,0.931232,0.5791,89.9544,0.542387,186.531,5.36871e+08,1.04858e+06
ClFFT,Outplace,Complex,double,3,2,512,512,512,0,1448.97,0.003341,6.66531,712.809,3.37998,0.616587,732.159,1.23429,1456.87,4.29497e+09,4.1943e+06
ClFFT,Outplace,Complex,double,3,2,512,512,512,1,1447.96,0.003427,6.64425,712.387,2.94763,0.630603,731.992,1.23973,1455.85,4.29497e+09,4.1943e+06
ClFFT,Outplace,Complex,double,3,2,512,512,512,2,1451.44,0.00331,6.80376,712.819,3.01098,0.630259,734.976,1.24155,1459.49,4.29497e+09,4.1943e+06
ClFFT,Outplace,Complex,double,3,2,512,512,512,3,1453.41,0.003347,6.87563,714.966,3.1308,0.626372,734.682,1.23771,1461.52,4.29497e+09,4.1943e+06
ClFFT,Outplace,Complex,double,3,2,512,512,512,4,1450.94,0.003554,6.91062,715.016,3.22671,0.624722,732.07,1.2399,1459.09,4.29497e+09,4.1943e+06
ClFFT,Outplace,Complex,double,2,3,625,343,0,0,4.11065,0.003611,6.61932,1.35863,1.05815,0.523629,1.1693,0.394026,11.1286,6.86e+06,3.43e+06
ClFFT,Outplace,Complex,double,2,3,625,343,0,1,4.04671,0.003449,6.49552,1.3947,0.932511,0.525368,1.1931,0.411237,10.9578,6.86e+06,3.43e+06
ClFFT,Outplace,Complex,double,2,3,625,343,0,2,3.95528,0.003335,6.38188,1.35761,0.888506,0.521938,1.18621,0.394507,10.7359,6.86e+06,3.43e+06
ClFFT,Outplace,Complex,double,2,3,625,343,0,3,3.94354,0.003417,6.3344,1.35478,0.894931,0.52073,1.17202,0.414144,10.6965,6.86e+06,3.43e+06
ClFFT,Outplace,Complex,double,2,3,625,343,0,4,3.95533,0.003472,6.29482,1.36261,0.894579,0.52537,1.17165,0.417307,10.6719,6.86e+06,3.43e+06
ClFFT,Outplace,Complex,double,2,3,729,2187,0,0,25.1365,0.004034,7.87102,8.81557,4.45027,3.98149,7.8879,0.47584,33.4884,5.10183e+07,2.55092e+07
ClFFT,Outplace,Complex,double,2,3,729,2187,0,1,25.2078,0.00408,7.77693,8.93035,4.44487,3.99872,7.8326,0.471745,33.4618,5.10183e+07,2.55092e+07
ClFFT,Outplace,Complex,double,2,3,729,2187,0,2,25.0544,0.003589,7.85922,8.8491,4.38007,3.99084,7.83338,0.47742,33.3958,5.10183e+07,2.55092e+07
ClFFT,Outplace,Complex,double,2,3,729,2187,0,3,25.0241,0.00376,7.86895,8.82109,4.37894,3.98316,7.83971,0.476963,33.3752,5.10183e+07,2.55092e+07
ClFFT,Outplace,Complex,double,2,3,729,2187,0,4,25.0643,0.003577,7.81557,8.84114,4.40762,3.96349,7.84723,0.479686,33.3642,5.10183e+07,2.55092e+07
ClFFT,Outplace,Complex,double,3,3,125,125,125,0,21.0837,0.004025,3.92625,10.8536,0.466572,0.086023,9.67624,0.377511,25.3927,6.25e+07,250000
ClFFT,Outplace,Complex,double,3,3,125,125,125,1,21.1982,0.00423,3.87348,10.8451,0.475955,0.087948,9.7881,0.3609,25.4379,6.25e+07,250000
ClFFT,Outplace,Complex,double,3,3,125,125,125,2,21.0773,0.003756,3.83205,10.8299,0.46916,0.087939,9.68905,0.377198,25.2913,6.25e+07,250000
ClFFT,Outplace,Complex,double,3,3,125,125,125,3,21.081,0.0038,4.22454,10.8467,0.474609,0.089406,9.669,0.367588,25.6779,6.25e+07,250000
ClFFT,Outplace,Complex,double,3,3,125,125,125,4,21.052,0.003699,3.95624,10.8378,0.457337,0.087915,9.66781,0.360571,25.3737,6.25e+07,250000
ClFFT,Outplace,Complex,double,3,3,125,243,128,0,41.9505,0.003802,4.50559,21.0035,0.505424,0.091371,20.349,0.376604,46.8375,1.24416e+08,256000
ClFFT,Outplace,Complex,double,3,3,125,243,128,1,42.1422,0.003484,4.40751,21.1129,0.506907,0.092495,20.4288,0.365418,46.9197,1.24416e+08,256000
ClFFT,Outplace,Complex,double,3,3,125,243,128,2,42.1251,0.003529,4.40759,21.0865,0.555513,0.092796,20.3891,0.372232,46.9095,1.24416e+08,256000
ClFFT,Outplace,Complex,double,3,3,125,243,128,3,42.1024,0.003817,4.47419,21.0733,0.516687,0.091325,20.4199,0.36666,46.9482,1.24416e+08,256000
ClFFT,Outplace,Complex,double,3,3,125,243,128,4,42.1068,0.003631,4.37505,21.0879,0.539515,0.092437,20.3855,0.372111,46.8589,1.24416e+08,256000
ClFFT,Outplace,Complex,double,3,3,243,243,343,0,218.675,0.003658,5.18936,108.22,1.24642,0.224094,108.983,0.586317,224.455,6.48122e+08,1.33358e+06
ClFFT,Outplace,Complex,double,3,3,243,243,343,1,218.114,0.003606,5.16172,108.068,0.994285,0.2217,108.829,0.584238,223.865,6.48122e+08,1.33358e+06
ClFFT,Outplace,Complex,double,3,3,243,243,343,2,218.501,0.003457,5.25922,108.099,1.28485,0.223757,108.892,0.576975,224.341,6.48122e+08,1.33358e+06
ClFFT,Outplace,Complex,double,3,3,243,243,343,3,218.557,0.003419,5.2589,107.911,1.01944,0.219243,109.406,0.576485,224.397,6.48122e+08,1.33358e+06
ClFFT,Outplace,Complex,double,3,3,243,243,343,4,217.981,0.003419,5.15838,107.918,0.992124,0.223849,108.846,0.574389,223.719,6.48122e+08,1.33358e+06
ClFFT,Outplace,Complex,double,3,3,625,729,343,0,1743.24,0.003688,6.6453,828.673,49.3029,0.523613,864.738,2.02097,1751.91,5.00094e+09,3.43e+06
ClFFT,Outplace,Complex,double,3,3,625,729,343,1,1742.62,0.003524,6.5416,828.529,49.4118,0.522576,864.159,2.05465,1751.22,5.00094e+09,3.43e+06
ClFFT,Outplace,Complex,double,3,3,625,729,343,2,1745.33,0.003463,6.41603,828.913,49.442,0.51869,866.456,2.09206,1753.84,5.00094e+09,3.43e+06
ClFFT,Outplace,Complex,double,3,3,625,729,343,3,1742.96,0.003851,6.45531,828.545,49.5606,0.534028,864.32,2.07128,1751.49,5.00094e+09,3.43e+06
ClFFT,Outplace,Complex,double,3,3,625,729,343,4,1743.28,0.003373,6.32489,828.586,49.6826,0.519174,864.493,2.15744,1751.77,5.00094e+09,3.43e+06
ClFFT,Outplace,Real,double,2,1,512,512,0,0,9.63382,0.003241,6.10065,0.990609,0.732504,0.796862,0.780396,0.397528,16.1361,6.29146e+06,2.10534e+06
ClFFT,Outplace,Real,double,2,1,512,512,0,1,9.51804,0.003659,6.13453,0.991252,0.714861,0.829023,0.776585,0.393591,16.0507,6.29146e+06,2.10534e+06
ClFFT,Outplace,Real,double,2,1,512,512,0,2,9.51241,0.003496,6.16185,0.988357,0.719917,0.742964,0.779184,0.387524,16.0661,6.29146e+06,2.10534e+06
ClFFT,Outplace,Real,double,2,1,512,512,0,3,9.59336,0.003606,6.40754,0.992524,0.813752,0.72672,0.77923,0.387766,16.3931,6.29146e+06,2.10534e+06
ClFFT,Outplace,Real,double,2,1,512,512,0,4,9.64961,0.003409,6.31752,0.988616,0.806461,0.742436,0.774422,0.399562,16.3711,6.29146e+06,2.10534e+06
ClFFT,Outplace,Real,double,2,1,1024,1024,0,0,19.8294,0.003639,9.70101,3.03762,2.30381,2.11001,2.59623,0.436833,29.9717,2.51658e+07,8.40499e+06
ClFFT,Outplace,Real,double,2,1,1024,1024,0,1,19.9699,0.00372,9.73958,3.00368,2.3555,2.15064,2.59151,0.45086,30.165,2.51658e+07,8.40499e+06
ClFFT,Outplace,Real,double,2,1,1024,1024,0,2,20.1214,0.003431,9.81495,2.97136,2.30869,2.11389,2.66461,0.426713,30.3675,2.51658e+07,8.40499e+06
ClFFT,Outplace,Real,double,2,1,1024,1024,0,3,19.7041,0.008252,9.52704,2.9707,2.25549,2.09013,2.57764,0.43093,29.6712,2.51658e+07,8.40499e+06
ClFFT,Outplace,Real,double,2,1,1024,1024,0,4,19.9504,0.003507,9.63157,2.97381,2.50001,2.12153,2.59311,0.435237,30.0216,2.51658e+07,8.40499e+06
ClFFT,Outplace,Real,double,2,1,2048,2048,0,0,59.1172,0.003735,14.2359,11.6202,11.374,10.6969,10.7547,0.47682,73.8345,1.00663e+08,3.35872e+07
ClFFT,Outplace,Real,double,2,1,2048,2048,0,1,58.9301,0.003604,14.3959,11.5866,11.2938,10.7284,10.7544,0.481036,73.8117,1.00663e+08,3.35872e+07
ClFFT,Outplace,Real,double,2,1,2048,2048,0,2,59.0639,0.003368,14.2269,11.6062,11.3368,10.7631,10.7969,0.475582,73.7707,1.00663e+08,3.35872e+07
ClFFT,Outplace,Real,double,2,1,2048,2048,0,3,58.8585,0.003874,14.2974,11.6033,11.2469,10.7172,10.746,0.475082,73.6358,1.00663e+08,3.35872e+07
ClFFT,Outplace,Real,double,2,1,2048,2048,0,4,59.0714,0.003914,14.2062,11.6133,11.3267,10.7069,10.7723,0.45845,73.741,1.00663e+08,3.35872e+07
ClFFT,Outplace,Real,double,2,1,4096,4096,0,0,171.575,0.003859,7.0495,45.0007,39.9231,34.7527,44.6219,0.870306,179.5,4.02653e+08,1.34283e+08
ClFFT,Outplace,Real,double,2,1,4096,4096,0,1,171.266,0.003819,7.07052,44.8612,39.7771,34.7333,44.6496,0.870064,179.212,4.02653e+08,1.34283e+08
ClFFT,Outplace,Real,double,2,1,4096,4096,0,2,171.472,0.003431,7.06322,44.9078,39.8487,34.7634,44.7164,0.853283,179.393,4.02653e+08,1.34283e+08
ClFFT,Outplace,Real,double,2,1,4096,4096,0,3,171.017,0.003951,7.09244,44.8581,39.3899,34.78,44.7608,0.871506,178.986,4.02653e+08,1.34283e+08
ClFFT,Outplace,Real,double,2,1,4096,4096,0,4,171.339,0.003904,7.0656,44.8717,39.7945,34.7981,44.659,0.872333,179.282,4.02653e+08,1.34283e+08
ClFFT,Outplace,Real,double,3,1,63,67,65,0,9.30933,0.003387,6.13086,1.00108,0.500646,0.198809,0.816582,0.328608,15.7731,6.58476e+06,33280
ClFFT,Outplace,Real,double,3,1,63,67,65,1,9.30689,0.003647,6.15374,0.995362,0.495477,0.196615,0.812203,0.325733,15.7909,6.58476e+06,33280
ClFFT,Outplace,Real,double,3,1,63,67,65,2,9.21641,0.003632,6.35538,1.0018,0.483443,0.199159,0.822128,0.326822,15.9033,6.58476e+06,33280
ClFFT,Outplace,Real,double,3,1,63,67,65,3,9.16488,0.004029,6.33915,1.00277,0.482441,0.207578,0.811483,0.325536,15.8345,6.58476e+06,33280
ClFFT,Outplace,Real,double,3,1,63,67,65,4,9.30997,0.003225,6.34558,1.0073,0.61683,0.200327,0.809538,0.330252,15.9902,6.58476e+06,33280
ClFFT,Outplace,Real,double,3,2,64,64,64,0,5.95789,0.003693,3.38873,0.996989,0.549495,0.12142,0.836215,0.30725,9.65845,6.29146e+06,33792
ClFFT,Outplace,Real,double,3,2,64,64,64,1,5.76349,0.003483,3.4206,1.00121,0.528704,0.119876,0.835467,0.305734,9.49423,6.29146e+06,33792
ClFFT,Outplace,Real,double,3,2,64,64,64,2,5.80317,0.003706,3.41273,0.991689,0.552135,0.121778,0.824892,0.312533,9.533,6.29146e+06,33792
ClFFT,Outplace,Real,double,3,2,64,64,64,3,5.67986,0.003673,3.62979,0.991349,0.478795,0.120141,0.829109,0.304613,9.61885,6.29146e+06,33792
ClFFT,Outplace,Real,double,3,2,64,64,64,4,5.64533,0.003629,3.37996,0.995942,0.437482,0.120899,0.835026,0.303115,9.33294,6.29146e+06,33792
ClFFT,Outplace,Real,double,3,2,128,128,128,0,16.6909,0.003587,4.58851,5.937,0.59416,0.143272,5.17512,0.353988,21.6381,5.03316e+07,133120
ClFFT,Outplace,Real,double,3,2,128,128,128,1,16.7109,0.004067,4.66567,5.95315,0.603821,0.143569,5.20418,0.351999,21.7335,5.03316e+07,133120
ClFFT,Outplace,Real,double,3,2,128,128,128,2,16.8822,0.003656,4.87702,5.89167,0.552365,0.142777,5.17979,0.347656,22.1114,5.03316e+07,133120
ClFFT,Outplace,Real,double,3,2,128,128,128,3,16.7062,0.00365,4.61787,5.89004,0.644789,0.14424,5.19308,0.340565,21.6693,5.03316e+07,133120
ClFFT,Outplace,Real,double,3,2,128,128,128,4,16.6766,0.003358,4.59044,5.97946,0.578172,0.143307,5.17958,0.352283,21.6237,5.03316e+07,133120
ClFFT,Outplace,Real,double,3,2,128,256,128,0,28.0739,0.003868,4.57541,11.5379,0.775624,0.142675,10.701,0.365113,33.0193,1.00663e+08,133120
ClFFT,Outplace,Real,double,3,2,128,256,128,1,28.2195,0.003791,4.63829,11.5615,0.762609,0.140691,10.6918,0.369355,33.2319,1.00663e+08,133120
ClFFT,Outplace,Real,double,3,2,128,256,128,2,28.161,0.003762,4.70405,11.6042,0.816798,0.142571,10.6876,0.378863,33.2488,1.00663e+08,133120
ClFFT,Outplace,Real,double,3,2,128,256,128,3,28.0167,0.003781,4.6216,11.5857,0.767856,0.141803,10.6922,0.365259,33.0085,1.00663e+08,133120
ClFFT,Outplace,Real,double,3,2,128,256,128,4,28.1333,0.003859,4.58544,11.6002,0.779833,0.142638,10.6864,0.368038,33.0917,1.00663e+08,133120
ClFFT,Outplace,Real,double,3,2,256,256,256,0,95.536,0.004143,4.35635,44.9089,0.963476,0.307794,44.8357,0.530978,100.428,4.02653e+08,528384
ClFFT,Outplace,Real,double,3,2,256,256,256,1,95.3579,0.003653,4.30511,44.945,0.985629,0.303106,44.6423,0.52927,100.197,4.02653e+08,528384
ClFFT,Outplace,Real,double,3,2,256,256,256,2,96.0127,0.004025,4.28692,45.0947,0.956973,0.651572,44.7426,0.524975,100.83,4.02653e+08,528384
ClFFT,Outplace,Real,double,3,2,256,256,256,3,95.854,0.012509,4.31159,44.9963,0.93327,0.301086,44.8081,0.530408,100.71,4.02653e+08,528384
ClFFT,Outplace,Real,double,3,2,256,256,256,4,95.7395,0.003631,4.33427,44.9693,0.907024,0.321123,44.7749,0.536444,100.615,4.02653e+08,528384
ClFFT,Outplace,Real,double,3,2,512,512,512,0,728.618,0.003647,6.30422,356.994,2.67169,0.545433,361.825,1.04689,735.974,3.22123e+09,2.10534e+06
ClFFT,Outplace,Real,double,3,2,512,512,512,1,728.494,0.003301,6.31056,356.633,2.92076,0.541642,361.784,1.04748,735.857,3.22123e+09,2.10534e+06
ClFFT,Outplace,Real,double,3,2,512,512,512,2,729.888,0.003711,6.35433,357.417,2.77284,0.549542,362.414,1.06881,737.316,3.22123e+09,2.10534e+06
ClFFT,Outplace,Real,double,3,2,512,512,512,3,729.582,0.003364,6.2829,357.527,2.72694,0.545639,362.018,1.05653,736.926,3.22123e+09,2.10534e+06
ClFFT,Outplace,Real,double,3,2,512,512,512,4,729.008,0.00352,6.54299,356.78,2.93235,0.554574,361.83,1.0599,736.616,3.22123e+09,2.10534e+06
ClFFT,Outplace,Real,double,2,3,625,343,0,0,8.85092,0.00341,5.9304,0.814333,0.726997,0.738975,0.710283,0.395034,15.1806,5.145e+06,1.71774e+06
ClFFT,Outplace,Real,double,2,3,625,343,0,1,9.07511,0.003435,5.79589,0.82148,0.819791,0.770452,0.718731,0.393471,15.2689,5.145e+06,1.71774e+06
ClFFT,Outplace,Real,double,2,3,625,343,0,2,9.03622,0.003495,5.70221,0.817838,0.822962,0.737851,0.718495,0.39506,15.1379,5.145e+06,1.71774e+06
ClFFT,Outplace,Real,double,2,3,625,343,0,3,9.12899,0.003786,5.75225,0.822277,0.723834,0.820197,0.70707,0.409107,15.295,5.145e+06,1.71774e+06
ClFFT,Outplace,Real,double,2,3,625,343,0,4,9.12726,0.003602,5.73403,0.818377,0.736476,0.896024,0.709172,0.405637,15.2714,5.145e+06,1.71774e+06
ClFFT,Outplace,Real,double,2,3,729,2187,0,0,19.6359,0.003949,6.57126,4.44287,2.49706,2.25648,3.76661,0.575632,26.7879,3.82638e+07,1.27721e+07
ClFFT,Outplace,Real,double,2,3,729,2187,0,1,19.5074,0.003687,6.52585,4.43319,2.40891,2.25818,3.74433,0.548335,26.5862,3.82638e+07,1.27721e+07
ClFFT,Outplace,Real,double,2,3,729,2187,0,2,19.529,0.003372,6.5378,4.45686,2.40648,2.26662,3.74712,0.565207,26.6363,3.82638e+07,1.27721e+07
ClFFT,Outplace,Real,double,2,3,729,2187,0,3,19.4639,0.00349,6.55719,4.41657,2.39209,2.23772,3.76958,0.573243,26.5987,3.82638e+07,1.27721e+07
ClFFT,Outplace,Real,double,2,3,729,2187,0,4,19.5575,0.00369,6.50546,4.41241,2.44636,2.2462,3.78961,0.560005,26.6276,3.82638e+07,1.27721e+07
ClFFT,Outplace,Real,double,3,3,125,125,125,0,14.952,0.003817,3.85427,5.4738,0.56606,0.141658,4.83723,0.373804,19.1849,4.6875e+07,126000
ClFFT,Outplace,Real,double,3,3,125,125,125,1,14.8076,0.003865,3.82419,5.42093,0.562059,0.143129,4.82144,0.371981,19.0085,4.6875e+07,126000
ClFFT,Outplace,Real,double,3,3,125,125,125,2,14.7507,0.003728,3.86417,5.38611,0.553032,0.143769,4.84421,0.37574,18.9952,4.6875e+07,126000
ClFFT,Outplace,Real,double,3,3,125,125,125,3,14.8068,0.003884,3.88036,5.38971,0.602562,0.142977,4.83036,0.375523,19.0676,4.6875e+07,126000
ClFFT,Outplace,Real,double,3,3,125,125,125,4,14.8479,0.00368,3.87452,5.39519,0.609527,0.144122,4.833,0.373334,19.1004,4.6875e+07,126000
ClFFT,Outplace,Real,double,3,3,125,243,128,0,26.0309,0.003886,4.41409,10.8304,0.784547,0.138743,9.64465,0.390587,30.8406,9.3312e+07,129024
ClFFT,Outplace,Real,double,3,3,125,243,128,1,26.0361,0.003649,4.47843,10.7859,0.787377,0.139375,9.62586,0.399979,30.9192,9.3312e+07,129024
ClFFT,Outplace,Real,double,3,3,125,243,128,2,26.1556,0.003634,4.46509,10.832,0.780303,0.140742,9.64916,0.387713,31.0131,9.3312e+07,129024
ClFFT,Outplace,Real,double,3,3,125,243,128,3,26.1415,0.003751,4.50015,10.823,0.768286,0.13862,9.64736,0.381196,31.0277,9.3312e+07,129024
ClFFT,Outplace,Real,double,3,3,125,243,128,4,26.0969,0.003949,4.41733,10.8165,0.78635,0.138767,9.69011,0.391655,30.9109,9.3312e+07,129024
ClFFT,Outplace,Real,double,3,3,243,243,343,0,114.784,0.003282,4.86723,54.0671,1.08281,0.335092,54.2398,0.544575,120.2,4.86091e+08,669536
ClFFT,Outplace,Real,double,3,3,243,243,343,1,114.976,0.003621,4.84655,54.1342,1.23977,0.334128,54.1979,0.568826,120.396,4.86091e+08,669536
ClFFT,Outplace,Real,double,3,3,243,243,343,2,115.082,0.003718,4.89054,54.1932,1.14226,0.334951,54.1325,0.572589,120.55,4.86091e+08,669536
ClFFT,Outplace,Real,double,3,3,243,243,343,3,114.884,0.003533,4.97286,54.0892,1.06821,0.344474,54.1429,0.544417,120.406,4.86091e+08,669536
ClFFT,Outplace,Real,double,3,3,243,243,343,4,115.056,0.003834,4.9464,54.2505,1.07144,0.33769,54.1072,0.546197,120.553,4.86091e+08,669536
ClFFT,Outplace,Real,double,3,3,625,729,343,0,847.412,0.003685,6.14866,415.638,3.21576,0.540397,421.735,1.14972,854.715,3.7507e+09,1.71774e+06
ClFFT,Outplace,Real,double,3,3,625,729,343,1,846.847,0.003923,6.06007,415.294,3.34498,0.529122,421.471,1.14222,854.054,3.7507e+09,1.71774e+06
ClFFT,Outplace,Real,double,3,3,625,729,343,2,846.947,0.004059,5.91715,415.66,3.08905,0.532309,421.452,1.15583,854.025,3.7507e+09,1.71774e+06
ClFFT,Outplace,Real,double,3,3,625,729,343,3,847.73,0.003326,5.9852,416.125,3.03593,0.537106,421.697,1.17088,854.891,3.7507e+09,1.71774e+06
ClFFT,Outplace,Real,double,3,3,625,729,343,4,847.873,0.003863,6.23668,415.67,3.55619,0.534759,421.673,1.15505,855.27,3.7507e+09,1.71774e+06
